feature,mean_abs_shap,rank
internal_marks_avg_w4,2.5422845,1
previous_attendance_pct,0.855788,2
low_scoring_subjects_w4,0.4623332,3
attendance_pct_w4,0.30530518,4
cumulative_cgpa_prior,0.296924,5
entrance_rank_percentile,0.16370672,6
low_attendance_subjects_w4,0.15334015,7
previous_sgpa,0.14875287,8
dept_code_ECE,0.07874594,9
semester_no,0.074807554,10
admission_category_OBC,0.050690014,11
fee_payment_status_Partial,0.047723383,12
fee_payment_status_Paid,0.03645051,13
admission_category_General,0.032364435,14
dept_code_AIML,0.029128045,15
dept_code_DS,0.017336262,16
dept_code_CSE,0.01318166,17
fee_payment_status_Overdue,0.010517576,18
historical_backlogs_cumulative,0.008799432,19
total_registered_credits,0.0079119615,20
admission_category_SC,0.004761602,21
admission_category_Management,0.004353975,22
admission_category_NRI,0.002026941,23
admission_category_ST,0.0014582833,24
previous_backlogs_count,0.0,25
enrolled_subjects_count,0.0,26
has_prior_semester_history,0.0,27
course_code_B.TECH,0.0,28
