Checkpoint,Model,Precision,Recall,F1,PR_AUC,ROC_AUC,Brier_Score,TN,FP,FN,TP
W4,Logistic Regression (Baseline),0.4754,0.8286,0.6042,0.7974,0.9517,0.0773,277,32,6,29
W4,Random Forest,0.5769,0.8571,0.6897,0.7836,0.9613,0.0607,287,22,5,30
W4,XGBoost,0.58,0.8286,0.6824,0.8201,0.9538,0.0535,288,21,6,29
W8,Logistic Regression (Baseline),0.6038,0.9143,0.7273,0.9102,0.9857,0.0461,288,21,3,32
W8,Random Forest,0.7561,0.8857,0.8158,0.9286,0.9896,0.0311,299,10,4,31
W8,XGBoost,0.7632,0.8286,0.7945,0.9136,0.9873,0.033,300,9,6,29
W12,Logistic Regression (Baseline),0.6977,0.8571,0.7692,0.9397,0.9914,0.0289,296,13,5,30
W12,Random Forest,0.9355,0.8286,0.8788,0.9578,0.9942,0.0187,307,2,6,29
W12,XGBoost,0.8485,0.8,0.8235,0.9547,0.9939,0.0215,304,5,7,28
