student_id,semester_no,target_risk,predicted_risk_prob,point_prediction,pred_set_alpha_10,status_alpha_10,pred_set_alpha_5,status_alpha_5
STU0006,1,0,0.011,SAFE,SAFE,CONFIDENT_SAFE,SAFE,CONFIDENT_SAFE
STU0006,2,0,0.0023,SAFE,SAFE,CONFIDENT_SAFE,SAFE,CONFIDENT_SAFE
STU0006,3,0,0.0059,SAFE,SAFE,CONFIDENT_SAFE,SAFE,CONFIDENT_SAFE
STU0006,4,0,0.0055,SAFE,SAFE,CONFIDENT_SAFE,SAFE,CONFIDENT_SAFE
STU0006,5,0,0.0062,SAFE,SAFE,CONFIDENT_SAFE,SAFE,CONFIDENT_SAFE
STU0006,6,0,0.0023,SAFE,SAFE,CONFIDENT_SAFE,SAFE,CONFIDENT_SAFE
STU0006,7,0,0.006,SAFE,SAFE,CONFIDENT_SAFE,SAFE,CONFIDENT_SAFE
STU0006,8,0,0.0073,SAFE,SAFE,CONFIDENT_SAFE,SAFE,CONFIDENT_SAFE
STU0008,1,0,0.0056,SAFE,SAFE,CONFIDENT_SAFE,SAFE,CONFIDENT_SAFE
STU0008,2,0,0.0111,SAFE,SAFE,CONFIDENT_SAFE,SAFE,CONFIDENT_SAFE
STU0008,3,0,0.0048,SAFE,SAFE,CONFIDENT_SAFE,SAFE,CONFIDENT_SAFE
STU0008,4,0,0.0394,SAFE,SAFE,CONFIDENT_SAFE,SAFE,CONFIDENT_SAFE
STU0008,5,0,0.0041,SAFE,SAFE,CONFIDENT_SAFE,SAFE,CONFIDENT_SAFE
STU0008,6,0,0.004,SAFE,SAFE,CONFIDENT_SAFE,SAFE,CONFIDENT_SAFE
STU0008,7,0,0.0035,SAFE,SAFE,CONFIDENT_SAFE,SAFE,CONFIDENT_SAFE
STU0008,8,0,0.0058,SAFE,SAFE,CONFIDENT_SAFE,SAFE,CONFIDENT_SAFE
STU0010,1,0,0.0056,SAFE,SAFE,CONFIDENT_SAFE,SAFE,CONFIDENT_SAFE
STU0010,2,0,0.0019,SAFE,SAFE,CONFIDENT_SAFE,SAFE,CONFIDENT_SAFE
STU0010,3,0,0.0027,SAFE,SAFE,CONFIDENT_SAFE,SAFE,CONFIDENT_SAFE
STU0010,4,0,0.0019,SAFE,SAFE,CONFIDENT_SAFE,SAFE,CONFIDENT_SAFE
STU0010,5,0,0.002,SAFE,SAFE,CONFIDENT_SAFE,SAFE,CONFIDENT_SAFE
STU0010,6,0,0.0019,SAFE,SAFE,CONFIDENT_SAFE,SAFE,CONFIDENT_SAFE
STU0010,7,0,0.0032,SAFE,SAFE,CONFIDENT_SAFE,SAFE,CONFIDENT_SAFE
STU0010,8,0,0.002,SAFE,SAFE,CONFIDENT_SAFE,SAFE,CONFIDENT_SAFE
STU0018,1,0,0.0644,SAFE,SAFE,CONFIDENT_SAFE,SAFE,CONFIDENT_SAFE
STU0018,2,0,0.0176,SAFE,SAFE,CONFIDENT_SAFE,SAFE,CONFIDENT_SAFE
STU0018,3,0,0.0111,SAFE,SAFE,CONFIDENT_SAFE,SAFE,CONFIDENT_SAFE
STU0018,4,0,0.0051,SAFE,SAFE,CONFIDENT_SAFE,SAFE,CONFIDENT_SAFE
STU0018,5,0,0.0055,SAFE,SAFE,CONFIDENT_SAFE,SAFE,CONFIDENT_SAFE
STU0018,6,0,0.057,SAFE,SAFE,CONFIDENT_SAFE,SAFE,CONFIDENT_SAFE
STU0018,7,0,0.0378,SAFE,SAFE,CONFIDENT_SAFE,SAFE,CONFIDENT_SAFE
STU0018,8,0,0.0052,SAFE,SAFE,CONFIDENT_SAFE,SAFE,CONFIDENT_SAFE
STU0025,1,0,0.006,SAFE,SAFE,CONFIDENT_SAFE,SAFE,CONFIDENT_SAFE
STU0025,2,0,0.0027,SAFE,SAFE,CONFIDENT_SAFE,SAFE,CONFIDENT_SAFE
STU0025,3,0,0.0024,SAFE,SAFE,CONFIDENT_SAFE,SAFE,CONFIDENT_SAFE
STU0025,4,0,0.0016,SAFE,SAFE,CONFIDENT_SAFE,SAFE,CONFIDENT_SAFE
STU0025,5,0,0.0029,SAFE,SAFE,CONFIDENT_SAFE,SAFE,CONFIDENT_SAFE
STU0025,6,0,0.003,SAFE,SAFE,CONFIDENT_SAFE,SAFE,CONFIDENT_SAFE
STU0025,7,0,0.0141,SAFE,SAFE,CONFIDENT_SAFE,SAFE,CONFIDENT_SAFE
STU0025,8,0,0.0037,SAFE,SAFE,CONFIDENT_SAFE,SAFE,CONFIDENT_SAFE
STU0026,1,0,0.0148,SAFE,SAFE,CONFIDENT_SAFE,SAFE,CONFIDENT_SAFE
STU0026,2,0,0.0028,SAFE,SAFE,CONFIDENT_SAFE,SAFE,CONFIDENT_SAFE
STU0026,3,0,0.0072,SAFE,SAFE,CONFIDENT_SAFE,SAFE,CONFIDENT_SAFE
STU0026,4,0,0.0027,SAFE,SAFE,CONFIDENT_SAFE,SAFE,CONFIDENT_SAFE
STU0026,5,0,0.0028,SAFE,SAFE,CONFIDENT_SAFE,SAFE,CONFIDENT_SAFE
STU0026,6,0,0.0028,SAFE,SAFE,CONFIDENT_SAFE,SAFE,CONFIDENT_SAFE
STU0026,7,0,0.0028,SAFE,SAFE,CONFIDENT_SAFE,SAFE,CONFIDENT_SAFE
STU0026,8,0,0.0049,SAFE,SAFE,CONFIDENT_SAFE,SAFE,CONFIDENT_SAFE
STU0034,1,0,0.0058,SAFE,SAFE,CONFIDENT_SAFE,SAFE,CONFIDENT_SAFE
STU0034,2,0,0.0027,SAFE,SAFE,CONFIDENT_SAFE,SAFE,CONFIDENT_SAFE
STU0034,3,0,0.0014,SAFE,SAFE,CONFIDENT_SAFE,SAFE,CONFIDENT_SAFE
STU0034,4,0,0.0014,SAFE,SAFE,CONFIDENT_SAFE,SAFE,CONFIDENT_SAFE
STU0034,5,0,0.0034,SAFE,SAFE,CONFIDENT_SAFE,SAFE,CONFIDENT_SAFE
STU0034,6,0,0.0029,SAFE,SAFE,CONFIDENT_SAFE,SAFE,CONFIDENT_SAFE
STU0034,7,0,0.0025,SAFE,SAFE,CONFIDENT_SAFE,SAFE,CONFIDENT_SAFE
STU0034,8,0,0.0032,SAFE,SAFE,CONFIDENT_SAFE,SAFE,CONFIDENT_SAFE
STU0043,1,0,0.0071,SAFE,SAFE,CONFIDENT_SAFE,SAFE,CONFIDENT_SAFE
STU0043,2,0,0.0032,SAFE,SAFE,CONFIDENT_SAFE,SAFE,CONFIDENT_SAFE
STU0043,3,0,0.0018,SAFE,SAFE,CONFIDENT_SAFE,SAFE,CONFIDENT_SAFE
STU0043,4,0,0.003,SAFE,SAFE,CONFIDENT_SAFE,SAFE,CONFIDENT_SAFE
STU0043,5,0,0.036,SAFE,SAFE,CONFIDENT_SAFE,SAFE,CONFIDENT_SAFE
STU0043,6,0,0.0027,SAFE,SAFE,CONFIDENT_SAFE,SAFE,CONFIDENT_SAFE
STU0043,7,0,0.0142,SAFE,SAFE,CONFIDENT_SAFE,SAFE,CONFIDENT_SAFE
STU0043,8,0,0.0018,SAFE,SAFE,CONFIDENT_SAFE,SAFE,CONFIDENT_SAFE
STU0046,1,0,0.2115,SAFE,SAFE,CONFIDENT_SAFE,SAFE,CONFIDENT_SAFE
STU0046,2,1,0.318,SAFE,SAFE,CONFIDENT_SAFE,SAFE,CONFIDENT_SAFE
STU0046,3,0,0.0581,SAFE,SAFE,CONFIDENT_SAFE,SAFE,CONFIDENT_SAFE
STU0046,4,0,0.2889,SAFE,SAFE,CONFIDENT_SAFE,SAFE,CONFIDENT_SAFE
STU0046,5,1,0.4938,SAFE,SAFE,AMBIGUOUS,"SAFE,RISK",AMBIGUOUS
STU0046,6,0,0.3259,SAFE,SAFE,CONFIDENT_SAFE,"SAFE,RISK",AMBIGUOUS
STU0046,7,0,0.0495,SAFE,SAFE,CONFIDENT_SAFE,SAFE,CONFIDENT_SAFE
STU0046,8,1,0.0805,SAFE,SAFE,CONFIDENT_SAFE,SAFE,CONFIDENT_SAFE
STU0047,1,0,0.053,SAFE,SAFE,CONFIDENT_SAFE,SAFE,CONFIDENT_SAFE
STU0047,2,0,0.0313,SAFE,SAFE,CONFIDENT_SAFE,SAFE,CONFIDENT_SAFE
STU0047,3,0,0.0407,SAFE,SAFE,CONFIDENT_SAFE,SAFE,CONFIDENT_SAFE
STU0047,4,0,0.0174,SAFE,SAFE,CONFIDENT_SAFE,SAFE,CONFIDENT_SAFE
STU0047,5,0,0.1893,SAFE,SAFE,CONFIDENT_SAFE,SAFE,CONFIDENT_SAFE
STU0047,6,0,0.0065,SAFE,SAFE,CONFIDENT_SAFE,SAFE,CONFIDENT_SAFE
STU0047,7,1,0.5094,RISK,RISK,AMBIGUOUS,"SAFE,RISK",AMBIGUOUS
STU0047,8,0,0.0071,SAFE,SAFE,CONFIDENT_SAFE,SAFE,CONFIDENT_SAFE
STU0058,1,0,0.55,RISK,RISK,CONFIDENT_RISK,"SAFE,RISK",AMBIGUOUS
STU0058,2,0,0.6437,RISK,RISK,CONFIDENT_RISK,"SAFE,RISK",AMBIGUOUS
STU0058,3,0,0.1048,SAFE,SAFE,CONFIDENT_SAFE,SAFE,CONFIDENT_SAFE
STU0058,4,0,0.1403,SAFE,SAFE,CONFIDENT_SAFE,SAFE,CONFIDENT_SAFE
STU0058,5,0,0.0164,SAFE,SAFE,CONFIDENT_SAFE,SAFE,CONFIDENT_SAFE
STU0058,6,0,0.0412,SAFE,SAFE,CONFIDENT_SAFE,SAFE,CONFIDENT_SAFE
STU0058,7,0,0.0049,SAFE,SAFE,CONFIDENT_SAFE,SAFE,CONFIDENT_SAFE
STU0058,8,0,0.0379,SAFE,SAFE,CONFIDENT_SAFE,SAFE,CONFIDENT_SAFE
STU0061,1,0,0.1073,SAFE,SAFE,CONFIDENT_SAFE,SAFE,CONFIDENT_SAFE
STU0061,2,0,0.4551,SAFE,SAFE,CONFIDENT_SAFE,"SAFE,RISK",AMBIGUOUS
STU0061,3,0,0.5472,RISK,RISK,CONFIDENT_RISK,"SAFE,RISK",AMBIGUOUS
STU0061,4,0,0.0251,SAFE,SAFE,CONFIDENT_SAFE,SAFE,CONFIDENT_SAFE
STU0061,5,0,0.0257,SAFE,SAFE,CONFIDENT_SAFE,SAFE,CONFIDENT_SAFE
STU0061,6,0,0.004,SAFE,SAFE,CONFIDENT_SAFE,SAFE,CONFIDENT_SAFE
STU0061,7,0,0.4557,SAFE,SAFE,CONFIDENT_SAFE,"SAFE,RISK",AMBIGUOUS
STU0061,8,0,0.0395,SAFE,SAFE,CONFIDENT_SAFE,SAFE,CONFIDENT_SAFE
STU0064,1,1,0.9848,RISK,RISK,CONFIDENT_RISK,RISK,CONFIDENT_RISK
STU0064,2,0,0.957,RISK,RISK,CONFIDENT_RISK,RISK,CONFIDENT_RISK
STU0064,3,0,0.387,SAFE,SAFE,CONFIDENT_SAFE,"SAFE,RISK",AMBIGUOUS
STU0064,4,0,0.4412,SAFE,SAFE,CONFIDENT_SAFE,"SAFE,RISK",AMBIGUOUS
STU0064,5,0,0.0498,SAFE,SAFE,CONFIDENT_SAFE,SAFE,CONFIDENT_SAFE
STU0064,6,0,0.1081,SAFE,SAFE,CONFIDENT_SAFE,SAFE,CONFIDENT_SAFE
STU0064,7,0,0.344,SAFE,SAFE,CONFIDENT_SAFE,"SAFE,RISK",AMBIGUOUS
STU0064,8,0,0.2448,SAFE,SAFE,CONFIDENT_SAFE,SAFE,CONFIDENT_SAFE
STU0074,1,0,0.0069,SAFE,SAFE,CONFIDENT_SAFE,SAFE,CONFIDENT_SAFE
STU0074,2,0,0.0016,SAFE,SAFE,CONFIDENT_SAFE,SAFE,CONFIDENT_SAFE
STU0074,3,0,0.0016,SAFE,SAFE,CONFIDENT_SAFE,SAFE,CONFIDENT_SAFE
STU0074,4,0,0.0016,SAFE,SAFE,CONFIDENT_SAFE,SAFE,CONFIDENT_SAFE
STU0074,5,0,0.0016,SAFE,SAFE,CONFIDENT_SAFE,SAFE,CONFIDENT_SAFE
STU0074,6,0,0.0016,SAFE,SAFE,CONFIDENT_SAFE,SAFE,CONFIDENT_SAFE
STU0074,7,0,0.0033,SAFE,SAFE,CONFIDENT_SAFE,SAFE,CONFIDENT_SAFE
STU0074,8,0,0.0036,SAFE,SAFE,CONFIDENT_SAFE,SAFE,CONFIDENT_SAFE
STU0076,1,0,0.5743,RISK,RISK,CONFIDENT_RISK,"SAFE,RISK",AMBIGUOUS
STU0076,2,0,0.0191,SAFE,SAFE,CONFIDENT_SAFE,SAFE,CONFIDENT_SAFE
STU0076,3,0,0.5957,RISK,RISK,CONFIDENT_RISK,"SAFE,RISK",AMBIGUOUS
STU0076,4,0,0.5101,RISK,RISK,AMBIGUOUS,"SAFE,RISK",AMBIGUOUS
STU0076,5,0,0.0213,SAFE,SAFE,CONFIDENT_SAFE,SAFE,CONFIDENT_SAFE
STU0076,6,0,0.0303,SAFE,SAFE,CONFIDENT_SAFE,SAFE,CONFIDENT_SAFE
STU0076,7,0,0.4066,SAFE,SAFE,CONFIDENT_SAFE,"SAFE,RISK",AMBIGUOUS
STU0076,8,0,0.5792,RISK,RISK,CONFIDENT_RISK,"SAFE,RISK",AMBIGUOUS
STU0077,1,0,0.3954,SAFE,SAFE,CONFIDENT_SAFE,"SAFE,RISK",AMBIGUOUS
STU0077,2,0,0.7489,RISK,RISK,CONFIDENT_RISK,RISK,CONFIDENT_RISK
STU0077,3,1,0.0262,SAFE,SAFE,CONFIDENT_SAFE,SAFE,CONFIDENT_SAFE
STU0077,4,1,0.8077,RISK,RISK,CONFIDENT_RISK,RISK,CONFIDENT_RISK
STU0077,5,0,0.6247,RISK,RISK,CONFIDENT_RISK,"SAFE,RISK",AMBIGUOUS
STU0077,6,0,0.3406,SAFE,SAFE,CONFIDENT_SAFE,"SAFE,RISK",AMBIGUOUS
STU0077,7,0,0.0233,SAFE,SAFE,CONFIDENT_SAFE,SAFE,CONFIDENT_SAFE
STU0077,8,0,0.0029,SAFE,SAFE,CONFIDENT_SAFE,SAFE,CONFIDENT_SAFE
STU0078,1,0,0.0077,SAFE,SAFE,CONFIDENT_SAFE,SAFE,CONFIDENT_SAFE
STU0078,2,0,0.0016,SAFE,SAFE,CONFIDENT_SAFE,SAFE,CONFIDENT_SAFE
STU0078,3,0,0.0016,SAFE,SAFE,CONFIDENT_SAFE,SAFE,CONFIDENT_SAFE
STU0078,4,0,0.0016,SAFE,SAFE,CONFIDENT_SAFE,SAFE,CONFIDENT_SAFE
STU0078,5,0,0.0016,SAFE,SAFE,CONFIDENT_SAFE,SAFE,CONFIDENT_SAFE
STU0078,6,0,0.0162,SAFE,SAFE,CONFIDENT_SAFE,SAFE,CONFIDENT_SAFE
STU0078,7,0,0.0018,SAFE,SAFE,CONFIDENT_SAFE,SAFE,CONFIDENT_SAFE
STU0078,8,0,0.0019,SAFE,SAFE,CONFIDENT_SAFE,SAFE,CONFIDENT_SAFE
STU0079,1,0,0.0065,SAFE,SAFE,CONFIDENT_SAFE,SAFE,CONFIDENT_SAFE
STU0079,2,0,0.0286,SAFE,SAFE,CONFIDENT_SAFE,SAFE,CONFIDENT_SAFE
STU0079,3,0,0.186,SAFE,SAFE,CONFIDENT_SAFE,SAFE,CONFIDENT_SAFE
STU0079,4,0,0.0037,SAFE,SAFE,CONFIDENT_SAFE,SAFE,CONFIDENT_SAFE
STU0079,5,0,0.0046,SAFE,SAFE,CONFIDENT_SAFE,SAFE,CONFIDENT_SAFE
STU0079,6,0,0.0059,SAFE,SAFE,CONFIDENT_SAFE,SAFE,CONFIDENT_SAFE
STU0079,7,0,0.0073,SAFE,SAFE,CONFIDENT_SAFE,SAFE,CONFIDENT_SAFE
STU0079,8,0,0.0107,SAFE,SAFE,CONFIDENT_SAFE,SAFE,CONFIDENT_SAFE
STU0091,1,0,0.3233,SAFE,SAFE,CONFIDENT_SAFE,"SAFE,RISK",AMBIGUOUS
STU0091,2,0,0.0414,SAFE,SAFE,CONFIDENT_SAFE,SAFE,CONFIDENT_SAFE
STU0091,3,0,0.0246,SAFE,SAFE,CONFIDENT_SAFE,SAFE,CONFIDENT_SAFE
STU0091,4,0,0.0057,SAFE,SAFE,CONFIDENT_SAFE,SAFE,CONFIDENT_SAFE
STU0091,5,0,0.0049,SAFE,SAFE,CONFIDENT_SAFE,SAFE,CONFIDENT_SAFE
STU0091,6,0,0.0235,SAFE,SAFE,CONFIDENT_SAFE,SAFE,CONFIDENT_SAFE
STU0091,7,0,0.0061,SAFE,SAFE,CONFIDENT_SAFE,SAFE,CONFIDENT_SAFE
STU0091,8,0,0.0061,SAFE,SAFE,CONFIDENT_SAFE,SAFE,CONFIDENT_SAFE
STU0093,1,0,0.0142,SAFE,SAFE,CONFIDENT_SAFE,SAFE,CONFIDENT_SAFE
STU0093,2,0,0.0064,SAFE,SAFE,CONFIDENT_SAFE,SAFE,CONFIDENT_SAFE
STU0093,3,0,0.0062,SAFE,SAFE,CONFIDENT_SAFE,SAFE,CONFIDENT_SAFE
STU0093,4,0,0.0067,SAFE,SAFE,CONFIDENT_SAFE,SAFE,CONFIDENT_SAFE
STU0093,5,0,0.0027,SAFE,SAFE,CONFIDENT_SAFE,SAFE,CONFIDENT_SAFE
STU0093,6,0,0.0072,SAFE,SAFE,CONFIDENT_SAFE,SAFE,CONFIDENT_SAFE
STU0093,7,0,0.0072,SAFE,SAFE,CONFIDENT_SAFE,SAFE,CONFIDENT_SAFE
STU0093,8,0,0.0086,SAFE,SAFE,CONFIDENT_SAFE,SAFE,CONFIDENT_SAFE
STU0094,1,0,0.0061,SAFE,SAFE,CONFIDENT_SAFE,SAFE,CONFIDENT_SAFE
STU0094,2,0,0.0029,SAFE,SAFE,CONFIDENT_SAFE,SAFE,CONFIDENT_SAFE
STU0094,3,0,0.0015,SAFE,SAFE,CONFIDENT_SAFE,SAFE,CONFIDENT_SAFE
STU0094,4,0,0.0014,SAFE,SAFE,CONFIDENT_SAFE,SAFE,CONFIDENT_SAFE
STU0094,5,0,0.0014,SAFE,SAFE,CONFIDENT_SAFE,SAFE,CONFIDENT_SAFE
STU0094,6,0,0.0015,SAFE,SAFE,CONFIDENT_SAFE,SAFE,CONFIDENT_SAFE
STU0094,7,0,0.0014,SAFE,SAFE,CONFIDENT_SAFE,SAFE,CONFIDENT_SAFE
STU0094,8,0,0.0035,SAFE,SAFE,CONFIDENT_SAFE,SAFE,CONFIDENT_SAFE
STU0098,1,0,0.5562,RISK,RISK,CONFIDENT_RISK,"SAFE,RISK",AMBIGUOUS
STU0098,2,0,0.7339,RISK,RISK,CONFIDENT_RISK,RISK,CONFIDENT_RISK
STU0098,3,0,0.635,RISK,RISK,CONFIDENT_RISK,"SAFE,RISK",AMBIGUOUS
STU0098,4,0,0.0205,SAFE,SAFE,CONFIDENT_SAFE,SAFE,CONFIDENT_SAFE
STU0098,5,0,0.0246,SAFE,SAFE,CONFIDENT_SAFE,SAFE,CONFIDENT_SAFE
STU0098,6,0,0.037,SAFE,SAFE,CONFIDENT_SAFE,SAFE,CONFIDENT_SAFE
STU0098,7,0,0.3182,SAFE,SAFE,CONFIDENT_SAFE,SAFE,CONFIDENT_SAFE
STU0098,8,0,0.0214,SAFE,SAFE,CONFIDENT_SAFE,SAFE,CONFIDENT_SAFE
STU0105,1,1,0.9078,RISK,RISK,CONFIDENT_RISK,RISK,CONFIDENT_RISK
STU0105,2,1,0.5984,RISK,RISK,CONFIDENT_RISK,"SAFE,RISK",AMBIGUOUS
STU0105,3,0,0.8967,RISK,RISK,CONFIDENT_RISK,RISK,CONFIDENT_RISK
STU0105,4,1,0.9622,RISK,RISK,CONFIDENT_RISK,RISK,CONFIDENT_RISK
STU0105,5,1,0.792,RISK,RISK,CONFIDENT_RISK,RISK,CONFIDENT_RISK
STU0105,6,0,0.3282,SAFE,SAFE,CONFIDENT_SAFE,"SAFE,RISK",AMBIGUOUS
STU0105,7,1,0.9762,RISK,RISK,CONFIDENT_RISK,RISK,CONFIDENT_RISK
STU0105,8,1,0.9314,RISK,RISK,CONFIDENT_RISK,RISK,CONFIDENT_RISK
STU0110,1,0,0.0067,SAFE,SAFE,CONFIDENT_SAFE,SAFE,CONFIDENT_SAFE
STU0110,2,0,0.0036,SAFE,SAFE,CONFIDENT_SAFE,SAFE,CONFIDENT_SAFE
STU0110,3,0,0.0043,SAFE,SAFE,CONFIDENT_SAFE,SAFE,CONFIDENT_SAFE
STU0110,4,0,0.0032,SAFE,SAFE,CONFIDENT_SAFE,SAFE,CONFIDENT_SAFE
STU0110,5,0,0.0038,SAFE,SAFE,CONFIDENT_SAFE,SAFE,CONFIDENT_SAFE
STU0110,6,0,0.0039,SAFE,SAFE,CONFIDENT_SAFE,SAFE,CONFIDENT_SAFE
STU0110,7,0,0.0048,SAFE,SAFE,CONFIDENT_SAFE,SAFE,CONFIDENT_SAFE
STU0110,8,0,0.0055,SAFE,SAFE,CONFIDENT_SAFE,SAFE,CONFIDENT_SAFE
STU0112,1,0,0.0077,SAFE,SAFE,CONFIDENT_SAFE,SAFE,CONFIDENT_SAFE
STU0112,2,0,0.0162,SAFE,SAFE,CONFIDENT_SAFE,SAFE,CONFIDENT_SAFE
STU0112,3,0,0.023,SAFE,SAFE,CONFIDENT_SAFE,SAFE,CONFIDENT_SAFE
STU0112,4,0,0.0164,SAFE,SAFE,CONFIDENT_SAFE,SAFE,CONFIDENT_SAFE
STU0112,5,0,0.0198,SAFE,SAFE,CONFIDENT_SAFE,SAFE,CONFIDENT_SAFE
STU0112,6,0,0.1857,SAFE,SAFE,CONFIDENT_SAFE,SAFE,CONFIDENT_SAFE
STU0112,7,0,0.0266,SAFE,SAFE,CONFIDENT_SAFE,SAFE,CONFIDENT_SAFE
STU0112,8,0,0.1769,SAFE,SAFE,CONFIDENT_SAFE,SAFE,CONFIDENT_SAFE
STU0114,1,1,0.6317,RISK,RISK,CONFIDENT_RISK,"SAFE,RISK",AMBIGUOUS
STU0114,2,1,0.5812,RISK,RISK,CONFIDENT_RISK,"SAFE,RISK",AMBIGUOUS
STU0114,3,1,0.9777,RISK,RISK,CONFIDENT_RISK,RISK,CONFIDENT_RISK
STU0114,4,1,0.9642,RISK,RISK,CONFIDENT_RISK,RISK,CONFIDENT_RISK
STU0114,5,1,0.9775,RISK,RISK,CONFIDENT_RISK,RISK,CONFIDENT_RISK
STU0114,6,1,0.9943,RISK,RISK,CONFIDENT_RISK,RISK,CONFIDENT_RISK
STU0114,7,1,0.9931,RISK,RISK,CONFIDENT_RISK,RISK,CONFIDENT_RISK
STU0114,8,1,0.9929,RISK,RISK,CONFIDENT_RISK,RISK,CONFIDENT_RISK
STU0120,1,0,0.3647,SAFE,SAFE,CONFIDENT_SAFE,"SAFE,RISK",AMBIGUOUS
STU0120,2,1,0.4709,SAFE,SAFE,AMBIGUOUS,"SAFE,RISK",AMBIGUOUS
STU0120,3,0,0.096,SAFE,SAFE,CONFIDENT_SAFE,SAFE,CONFIDENT_SAFE
STU0120,4,0,0.0355,SAFE,SAFE,CONFIDENT_SAFE,SAFE,CONFIDENT_SAFE
STU0120,5,1,0.926,RISK,RISK,CONFIDENT_RISK,RISK,CONFIDENT_RISK
STU0120,6,0,0.1304,SAFE,SAFE,CONFIDENT_SAFE,SAFE,CONFIDENT_SAFE
STU0120,7,0,0.1154,SAFE,SAFE,CONFIDENT_SAFE,SAFE,CONFIDENT_SAFE
STU0120,8,0,0.0161,SAFE,SAFE,CONFIDENT_SAFE,SAFE,CONFIDENT_SAFE
STU0145,1,0,0.0062,SAFE,SAFE,CONFIDENT_SAFE,SAFE,CONFIDENT_SAFE
STU0145,2,0,0.0209,SAFE,SAFE,CONFIDENT_SAFE,SAFE,CONFIDENT_SAFE
STU0145,3,0,0.6869,RISK,RISK,CONFIDENT_RISK,RISK,CONFIDENT_RISK
STU0145,4,0,0.0055,SAFE,SAFE,CONFIDENT_SAFE,SAFE,CONFIDENT_SAFE
STU0145,5,0,0.0039,SAFE,SAFE,CONFIDENT_SAFE,SAFE,CONFIDENT_SAFE
STU0145,6,0,0.1182,SAFE,SAFE,CONFIDENT_SAFE,SAFE,CONFIDENT_SAFE
STU0149,1,0,0.0065,SAFE,SAFE,CONFIDENT_SAFE,SAFE,CONFIDENT_SAFE
STU0149,2,0,0.0015,SAFE,SAFE,CONFIDENT_SAFE,SAFE,CONFIDENT_SAFE
STU0149,3,0,0.0016,SAFE,SAFE,CONFIDENT_SAFE,SAFE,CONFIDENT_SAFE
STU0149,4,0,0.0016,SAFE,SAFE,CONFIDENT_SAFE,SAFE,CONFIDENT_SAFE
STU0149,5,0,0.0016,SAFE,SAFE,CONFIDENT_SAFE,SAFE,CONFIDENT_SAFE
STU0149,6,0,0.0016,SAFE,SAFE,CONFIDENT_SAFE,SAFE,CONFIDENT_SAFE
STU0153,1,0,0.0065,SAFE,SAFE,CONFIDENT_SAFE,SAFE,CONFIDENT_SAFE
STU0153,2,0,0.0025,SAFE,SAFE,CONFIDENT_SAFE,SAFE,CONFIDENT_SAFE
STU0153,3,0,0.0016,SAFE,SAFE,CONFIDENT_SAFE,SAFE,CONFIDENT_SAFE
STU0153,4,0,0.0027,SAFE,SAFE,CONFIDENT_SAFE,SAFE,CONFIDENT_SAFE
STU0153,5,0,0.0029,SAFE,SAFE,CONFIDENT_SAFE,SAFE,CONFIDENT_SAFE
STU0153,6,0,0.0029,SAFE,SAFE,CONFIDENT_SAFE,SAFE,CONFIDENT_SAFE
STU0158,1,1,0.9584,RISK,RISK,CONFIDENT_RISK,RISK,CONFIDENT_RISK
STU0158,2,0,0.7863,RISK,RISK,CONFIDENT_RISK,RISK,CONFIDENT_RISK
STU0158,3,0,0.3232,SAFE,SAFE,CONFIDENT_SAFE,"SAFE,RISK",AMBIGUOUS
STU0158,4,0,0.1613,SAFE,SAFE,CONFIDENT_SAFE,SAFE,CONFIDENT_SAFE
STU0158,5,0,0.0919,SAFE,SAFE,CONFIDENT_SAFE,SAFE,CONFIDENT_SAFE
STU0158,6,0,0.091,SAFE,SAFE,CONFIDENT_SAFE,SAFE,CONFIDENT_SAFE
STU0165,1,0,0.0031,SAFE,SAFE,CONFIDENT_SAFE,SAFE,CONFIDENT_SAFE
STU0165,2,0,0.002,SAFE,SAFE,CONFIDENT_SAFE,SAFE,CONFIDENT_SAFE
STU0165,3,0,0.0026,SAFE,SAFE,CONFIDENT_SAFE,SAFE,CONFIDENT_SAFE
STU0165,4,0,0.0021,SAFE,SAFE,CONFIDENT_SAFE,SAFE,CONFIDENT_SAFE
STU0165,5,0,0.002,SAFE,SAFE,CONFIDENT_SAFE,SAFE,CONFIDENT_SAFE
STU0165,6,0,0.0021,SAFE,SAFE,CONFIDENT_SAFE,SAFE,CONFIDENT_SAFE
STU0166,1,0,0.2638,SAFE,SAFE,CONFIDENT_SAFE,SAFE,CONFIDENT_SAFE
STU0166,2,0,0.0038,SAFE,SAFE,CONFIDENT_SAFE,SAFE,CONFIDENT_SAFE
STU0166,3,0,0.0113,SAFE,SAFE,CONFIDENT_SAFE,SAFE,CONFIDENT_SAFE
STU0166,4,0,0.0059,SAFE,SAFE,CONFIDENT_SAFE,SAFE,CONFIDENT_SAFE
STU0166,5,0,0.0059,SAFE,SAFE,CONFIDENT_SAFE,SAFE,CONFIDENT_SAFE
STU0166,6,0,0.0023,SAFE,SAFE,CONFIDENT_SAFE,SAFE,CONFIDENT_SAFE
STU0176,1,0,0.1886,SAFE,SAFE,CONFIDENT_SAFE,SAFE,CONFIDENT_SAFE
STU0176,2,1,0.2092,SAFE,SAFE,CONFIDENT_SAFE,SAFE,CONFIDENT_SAFE
STU0176,3,0,0.5711,RISK,RISK,CONFIDENT_RISK,"SAFE,RISK",AMBIGUOUS
STU0176,4,0,0.0101,SAFE,SAFE,CONFIDENT_SAFE,SAFE,CONFIDENT_SAFE
STU0176,5,0,0.0049,SAFE,SAFE,CONFIDENT_SAFE,SAFE,CONFIDENT_SAFE
STU0176,6,0,0.0045,SAFE,SAFE,CONFIDENT_SAFE,SAFE,CONFIDENT_SAFE
STU0181,1,0,0.0068,SAFE,SAFE,CONFIDENT_SAFE,SAFE,CONFIDENT_SAFE
STU0181,2,0,0.0016,SAFE,SAFE,CONFIDENT_SAFE,SAFE,CONFIDENT_SAFE
STU0181,3,0,0.0016,SAFE,SAFE,CONFIDENT_SAFE,SAFE,CONFIDENT_SAFE
STU0181,4,0,0.0016,SAFE,SAFE,CONFIDENT_SAFE,SAFE,CONFIDENT_SAFE
STU0183,1,0,0.0069,SAFE,SAFE,CONFIDENT_SAFE,SAFE,CONFIDENT_SAFE
STU0183,2,0,0.003,SAFE,SAFE,CONFIDENT_SAFE,SAFE,CONFIDENT_SAFE
STU0183,3,0,0.0016,SAFE,SAFE,CONFIDENT_SAFE,SAFE,CONFIDENT_SAFE
STU0183,4,0,0.0035,SAFE,SAFE,CONFIDENT_SAFE,SAFE,CONFIDENT_SAFE
STU0193,1,0,0.0062,SAFE,SAFE,CONFIDENT_SAFE,SAFE,CONFIDENT_SAFE
STU0193,2,0,0.0016,SAFE,SAFE,CONFIDENT_SAFE,SAFE,CONFIDENT_SAFE
STU0193,3,0,0.0016,SAFE,SAFE,CONFIDENT_SAFE,SAFE,CONFIDENT_SAFE
STU0193,4,0,0.0016,SAFE,SAFE,CONFIDENT_SAFE,SAFE,CONFIDENT_SAFE
STU0197,1,0,0.0164,SAFE,SAFE,CONFIDENT_SAFE,SAFE,CONFIDENT_SAFE
STU0197,2,0,0.0142,SAFE,SAFE,CONFIDENT_SAFE,SAFE,CONFIDENT_SAFE
STU0197,3,0,0.0042,SAFE,SAFE,CONFIDENT_SAFE,SAFE,CONFIDENT_SAFE
STU0197,4,0,0.0031,SAFE,SAFE,CONFIDENT_SAFE,SAFE,CONFIDENT_SAFE
STU0204,1,0,0.091,SAFE,SAFE,CONFIDENT_SAFE,SAFE,CONFIDENT_SAFE
STU0204,2,0,0.153,SAFE,SAFE,CONFIDENT_SAFE,SAFE,CONFIDENT_SAFE
STU0204,3,0,0.1489,SAFE,SAFE,CONFIDENT_SAFE,SAFE,CONFIDENT_SAFE
STU0204,4,0,0.2414,SAFE,SAFE,CONFIDENT_SAFE,SAFE,CONFIDENT_SAFE
STU0212,1,0,0.0057,SAFE,SAFE,CONFIDENT_SAFE,SAFE,CONFIDENT_SAFE
STU0212,2,0,0.0172,SAFE,SAFE,CONFIDENT_SAFE,SAFE,CONFIDENT_SAFE
STU0212,3,0,0.0046,SAFE,SAFE,CONFIDENT_SAFE,SAFE,CONFIDENT_SAFE
STU0212,4,0,0.0038,SAFE,SAFE,CONFIDENT_SAFE,SAFE,CONFIDENT_SAFE
STU0216,1,0,0.1356,SAFE,SAFE,CONFIDENT_SAFE,SAFE,CONFIDENT_SAFE
STU0216,2,0,0.0117,SAFE,SAFE,CONFIDENT_SAFE,SAFE,CONFIDENT_SAFE
STU0216,3,0,0.5211,RISK,RISK,AMBIGUOUS,"SAFE,RISK",AMBIGUOUS
STU0216,4,0,0.0045,SAFE,SAFE,CONFIDENT_SAFE,SAFE,CONFIDENT_SAFE
STU0219,1,0,0.0065,SAFE,SAFE,CONFIDENT_SAFE,SAFE,CONFIDENT_SAFE
STU0219,2,0,0.0218,SAFE,SAFE,CONFIDENT_SAFE,SAFE,CONFIDENT_SAFE
STU0219,3,0,0.0198,SAFE,SAFE,CONFIDENT_SAFE,SAFE,CONFIDENT_SAFE
STU0219,4,0,0.1652,SAFE,SAFE,CONFIDENT_SAFE,SAFE,CONFIDENT_SAFE
STU0222,1,0,0.8364,RISK,RISK,CONFIDENT_RISK,RISK,CONFIDENT_RISK
STU0222,2,1,0.7896,RISK,RISK,CONFIDENT_RISK,RISK,CONFIDENT_RISK
STU0222,3,1,0.9658,RISK,RISK,CONFIDENT_RISK,RISK,CONFIDENT_RISK
STU0222,4,1,0.9688,RISK,RISK,CONFIDENT_RISK,RISK,CONFIDENT_RISK
STU0227,1,0,0.0094,SAFE,SAFE,CONFIDENT_SAFE,SAFE,CONFIDENT_SAFE
STU0227,2,0,0.012,SAFE,SAFE,CONFIDENT_SAFE,SAFE,CONFIDENT_SAFE
STU0227,3,0,0.0053,SAFE,SAFE,CONFIDENT_SAFE,SAFE,CONFIDENT_SAFE
STU0227,4,0,0.0058,SAFE,SAFE,CONFIDENT_SAFE,SAFE,CONFIDENT_SAFE
STU0230,1,0,0.0104,SAFE,SAFE,CONFIDENT_SAFE,SAFE,CONFIDENT_SAFE
STU0230,2,0,0.0088,SAFE,SAFE,CONFIDENT_SAFE,SAFE,CONFIDENT_SAFE
STU0230,3,0,0.0044,SAFE,SAFE,CONFIDENT_SAFE,SAFE,CONFIDENT_SAFE
STU0230,4,0,0.0025,SAFE,SAFE,CONFIDENT_SAFE,SAFE,CONFIDENT_SAFE
STU0232,1,0,0.0055,SAFE,SAFE,CONFIDENT_SAFE,SAFE,CONFIDENT_SAFE
STU0232,2,0,0.0023,SAFE,SAFE,CONFIDENT_SAFE,SAFE,CONFIDENT_SAFE
STU0232,3,0,0.0014,SAFE,SAFE,CONFIDENT_SAFE,SAFE,CONFIDENT_SAFE
STU0232,4,0,0.0016,SAFE,SAFE,CONFIDENT_SAFE,SAFE,CONFIDENT_SAFE
STU0234,1,0,0.0046,SAFE,SAFE,CONFIDENT_SAFE,SAFE,CONFIDENT_SAFE
STU0234,2,0,0.0048,SAFE,SAFE,CONFIDENT_SAFE,SAFE,CONFIDENT_SAFE
STU0234,3,0,0.0144,SAFE,SAFE,CONFIDENT_SAFE,SAFE,CONFIDENT_SAFE
STU0234,4,0,0.1241,SAFE,SAFE,CONFIDENT_SAFE,SAFE,CONFIDENT_SAFE
STU0235,1,0,0.0059,SAFE,SAFE,CONFIDENT_SAFE,SAFE,CONFIDENT_SAFE
STU0235,2,0,0.0019,SAFE,SAFE,CONFIDENT_SAFE,SAFE,CONFIDENT_SAFE
STU0235,3,0,0.002,SAFE,SAFE,CONFIDENT_SAFE,SAFE,CONFIDENT_SAFE
STU0235,4,0,0.0019,SAFE,SAFE,CONFIDENT_SAFE,SAFE,CONFIDENT_SAFE
STU0238,1,1,0.6163,RISK,RISK,CONFIDENT_RISK,"SAFE,RISK",AMBIGUOUS
STU0238,2,0,0.0432,SAFE,SAFE,CONFIDENT_SAFE,SAFE,CONFIDENT_SAFE
STU0238,3,0,0.1146,SAFE,SAFE,CONFIDENT_SAFE,SAFE,CONFIDENT_SAFE
STU0238,4,0,0.0278,SAFE,SAFE,CONFIDENT_SAFE,SAFE,CONFIDENT_SAFE
STU0239,1,0,0.297,SAFE,SAFE,CONFIDENT_SAFE,SAFE,CONFIDENT_SAFE
STU0239,2,0,0.0039,SAFE,SAFE,CONFIDENT_SAFE,SAFE,CONFIDENT_SAFE
STU0239,3,0,0.0063,SAFE,SAFE,CONFIDENT_SAFE,SAFE,CONFIDENT_SAFE
STU0239,4,0,0.0237,SAFE,SAFE,CONFIDENT_SAFE,SAFE,CONFIDENT_SAFE
STU0240,1,0,0.0054,SAFE,SAFE,CONFIDENT_SAFE,SAFE,CONFIDENT_SAFE
STU0240,2,1,0.021,SAFE,SAFE,CONFIDENT_SAFE,SAFE,CONFIDENT_SAFE
STU0240,3,0,0.1585,SAFE,SAFE,CONFIDENT_SAFE,SAFE,CONFIDENT_SAFE
STU0240,4,1,0.8446,RISK,RISK,CONFIDENT_RISK,RISK,CONFIDENT_RISK
STU0250,1,0,0.0063,SAFE,SAFE,CONFIDENT_SAFE,SAFE,CONFIDENT_SAFE
STU0250,2,0,0.0015,SAFE,SAFE,CONFIDENT_SAFE,SAFE,CONFIDENT_SAFE
STU0251,1,0,0.0071,SAFE,SAFE,CONFIDENT_SAFE,SAFE,CONFIDENT_SAFE
STU0251,2,0,0.0022,SAFE,SAFE,CONFIDENT_SAFE,SAFE,CONFIDENT_SAFE
STU0267,1,0,0.0049,SAFE,SAFE,CONFIDENT_SAFE,SAFE,CONFIDENT_SAFE
STU0267,2,0,0.005,SAFE,SAFE,CONFIDENT_SAFE,SAFE,CONFIDENT_SAFE
STU0279,1,1,0.9846,RISK,RISK,CONFIDENT_RISK,RISK,CONFIDENT_RISK
STU0279,2,1,0.9853,RISK,RISK,CONFIDENT_RISK,RISK,CONFIDENT_RISK
STU0282,1,0,0.1384,SAFE,SAFE,CONFIDENT_SAFE,SAFE,CONFIDENT_SAFE
STU0282,2,0,0.0619,SAFE,SAFE,CONFIDENT_SAFE,SAFE,CONFIDENT_SAFE
STU0287,1,1,0.982,RISK,RISK,CONFIDENT_RISK,RISK,CONFIDENT_RISK
STU0287,2,1,0.9201,RISK,RISK,CONFIDENT_RISK,RISK,CONFIDENT_RISK
STU0290,1,0,0.0063,SAFE,SAFE,CONFIDENT_SAFE,SAFE,CONFIDENT_SAFE
STU0290,2,0,0.0838,SAFE,SAFE,CONFIDENT_SAFE,SAFE,CONFIDENT_SAFE
STU0296,1,0,0.0054,SAFE,SAFE,CONFIDENT_SAFE,SAFE,CONFIDENT_SAFE
STU0296,2,0,0.0014,SAFE,SAFE,CONFIDENT_SAFE,SAFE,CONFIDENT_SAFE
STU0298,1,0,0.6207,RISK,RISK,CONFIDENT_RISK,"SAFE,RISK",AMBIGUOUS
STU0298,2,0,0.5602,RISK,RISK,CONFIDENT_RISK,"SAFE,RISK",AMBIGUOUS
