rank,student_id,semester_no,checkpoint,risk_probability,risk_class,uncertainty_status,priority,recommendation_confidence,primary_intervention,secondary_intervention,primary_reason,counterfactual_available,estimated_risk_reduction,urgency_score,generated_at
1,STU0017,6,W4,0.991,HIGH,CONFIDENT_RISK,CRITICAL,HIGH,SUBJECT_REMEDIATION,FACULTY_MENTORING,"Student has 3 subject(s) below internal benchmarks, identified as a primary risk driver.",True,0.8941,0.5369,2026-10-04T13:18:22.901264+00:00
2,STU0016,4,W4,0.9793,HIGH,CONFIDENT_RISK,CRITICAL,HIGH,SUBJECT_REMEDIATION,FACULTY_MENTORING,"Student has 3 subject(s) below internal benchmarks, identified as a primary risk driver.",True,0.8,0.5328,2026-10-04T13:18:15.627441+00:00
3,STU0017,5,W4,0.9793,HIGH,CONFIDENT_RISK,CRITICAL,HIGH,SUBJECT_REMEDIATION,FACULTY_MENTORING,"Student has 2 subject(s) below internal benchmarks, identified as a primary risk driver.",True,0.9034,0.5328,2026-10-04T13:18:21.861371+00:00
4,STU0027,1,W4,0.9674,HIGH,CONFIDENT_RISK,CRITICAL,HIGH,SUBJECT_REMEDIATION,FACULTY_MENTORING,"Student has 5 subject(s) below internal benchmarks, identified as a primary risk driver.",True,0.6949,0.5286,2026-10-04T13:18:26.761342+00:00
5,STU0016,3,W4,0.9644,HIGH,CONFIDENT_RISK,CRITICAL,HIGH,ATTENDANCE_SUPPORT,STUDY_PLAN,Attendance standing of 83.5% (0 short-attendance subjects) contributed positively to predicted risk.,True,0.7699,0.5275,2026-10-04T13:18:14.630094+00:00
6,STU0017,3,W4,0.9622,HIGH,CONFIDENT_RISK,CRITICAL,HIGH,SUBJECT_REMEDIATION,FACULTY_MENTORING,"Student has 2 subject(s) below internal benchmarks, identified as a primary risk driver.",True,0.8657,0.5268,2026-10-04T13:18:19.502621+00:00
7,STU0017,1,W4,0.9518,HIGH,CONFIDENT_RISK,CRITICAL,HIGH,SUBJECT_REMEDIATION,FACULTY_MENTORING,"Student has 3 subject(s) below internal benchmarks, identified as a primary risk driver.",True,0.5125,0.5231,2026-10-04T13:18:16.782091+00:00
8,STU0017,2,W4,0.9381,HIGH,CONFIDENT_RISK,CRITICAL,HIGH,SUBJECT_REMEDIATION,FACULTY_MENTORING,"Student has 3 subject(s) below internal benchmarks, identified as a primary risk driver.",True,0.4554,0.5183,2026-10-04T13:18:18.239251+00:00
9,STU0016,2,W4,0.9191,HIGH,CONFIDENT_RISK,CRITICAL,HIGH,SUBJECT_REMEDIATION,FACULTY_MENTORING,"Student has 3 subject(s) below internal benchmarks, identified as a primary risk driver.",True,0.8688,0.5117,2026-10-04T13:18:13.543386+00:00
10,STU0027,3,W4,0.9096,HIGH,CONFIDENT_RISK,CRITICAL,MEDIUM,SUBJECT_REMEDIATION,FACULTY_MENTORING,"Student has 6 subject(s) below internal benchmarks, identified as a primary risk driver.",True,0.309,0.5084,2026-10-04T13:18:27.703102+00:00
11,STU0019,2,W4,0.8962,HIGH,CONFIDENT_RISK,CRITICAL,HIGH,SUBJECT_REMEDIATION,FACULTY_MENTORING,"Student has 3 subject(s) below internal benchmarks, identified as a primary risk driver.",True,0.8535,0.5037,2026-10-04T13:18:23.901329+00:00
12,STU0017,4,W4,0.8128,HIGH,CONFIDENT_RISK,HIGH,HIGH,SUBJECT_REMEDIATION,STUDY_PLAN,"Student has 2 subject(s) below internal benchmarks, identified as a primary risk driver.",True,0.7665,0.4495,2026-10-04T13:18:20.651419+00:00
13,STU0019,5,W4,0.7396,HIGH,CONFIDENT_RISK,HIGH,MEDIUM,SUBJECT_REMEDIATION,FACULTY_MENTORING,"Student has 1 subject(s) below internal benchmarks, identified as a primary risk driver.",True,0.6939,0.4239,2026-10-04T13:18:24.846460+00:00
14,STU0011,8,W4,0.6734,HIGH,CONFIDENT_RISK,HIGH,MEDIUM,ATTENDANCE_SUPPORT,FACULTY_MENTORING,Attendance standing of 75.7% (2 short-attendance subjects) contributed positively to predicted risk.,True,0.4801,0.4007,2026-10-04T13:18:12.479242+00:00
15,STU0020,6,W4,0.6676,HIGH,CONFIDENT_RISK,HIGH,MEDIUM,ATTENDANCE_SUPPORT,FACULTY_MENTORING,Attendance standing of 74.4% (2 short-attendance subjects) contributed positively to predicted risk.,True,0.5131,0.3987,2026-10-04T13:18:25.715338+00:00
1,STU0016,2,W8,0.9983,HIGH,CONFIDENT_RISK,CRITICAL,HIGH,SUBJECT_REMEDIATION,FACULTY_MENTORING,"Student has 4 subject(s) below internal benchmarks, identified as a primary risk driver.",True,0.8394,0.5494,2026-10-04T13:18:44.157001+00:00
2,STU0017,2,W8,0.9971,HIGH,CONFIDENT_RISK,CRITICAL,HIGH,SUBJECT_REMEDIATION,FACULTY_MENTORING,"Student has 4 subject(s) below internal benchmarks, identified as a primary risk driver.",True,0.9256,0.549,2026-10-04T13:18:48.417227+00:00
3,STU0016,4,W8,0.9959,HIGH,CONFIDENT_RISK,CRITICAL,HIGH,SUBJECT_REMEDIATION,FACULTY_MENTORING,"Student has 2 subject(s) below internal benchmarks, identified as a primary risk driver.",True,0.898,0.5486,2026-10-04T13:18:46.156342+00:00
4,STU0016,3,W8,0.9946,HIGH,CONFIDENT_RISK,CRITICAL,HIGH,SUBJECT_REMEDIATION,FACULTY_MENTORING,"Student has 2 subject(s) below internal benchmarks, identified as a primary risk driver.",True,0.8188,0.5481,2026-10-04T13:18:45.245726+00:00
5,STU0017,3,W8,0.9942,HIGH,CONFIDENT_RISK,CRITICAL,HIGH,SUBJECT_REMEDIATION,FACULTY_MENTORING,"Student has 2 subject(s) below internal benchmarks, identified as a primary risk driver.",True,0.8048,0.548,2026-10-04T13:18:49.472611+00:00
6,STU0017,1,W8,0.994,HIGH,CONFIDENT_RISK,CRITICAL,HIGH,SUBJECT_REMEDIATION,FACULTY_MENTORING,"Student has 3 subject(s) below internal benchmarks, identified as a primary risk driver.",True,0.7116,0.5479,2026-10-04T13:18:47.336164+00:00
7,STU0017,6,W8,0.9936,HIGH,CONFIDENT_RISK,CRITICAL,HIGH,SUBJECT_REMEDIATION,FACULTY_MENTORING,"Student has 2 subject(s) below internal benchmarks, identified as a primary risk driver.",True,0.7293,0.5478,2026-10-04T13:18:53.062243+00:00
8,STU0019,2,W8,0.9912,HIGH,CONFIDENT_RISK,CRITICAL,HIGH,SUBJECT_REMEDIATION,FACULTY_MENTORING,"Student has 2 subject(s) below internal benchmarks, identified as a primary risk driver.",True,0.9093,0.5469,2026-10-04T13:18:54.075134+00:00
9,STU0017,5,W8,0.9895,HIGH,CONFIDENT_RISK,CRITICAL,HIGH,SUBJECT_REMEDIATION,FACULTY_MENTORING,"Student has 3 subject(s) below internal benchmarks, identified as a primary risk driver.",True,0.9178,0.5463,2026-10-04T13:18:51.983925+00:00
10,STU0017,4,W8,0.9863,HIGH,CONFIDENT_RISK,CRITICAL,HIGH,SUBJECT_REMEDIATION,FACULTY_MENTORING,"Student has 3 subject(s) below internal benchmarks, identified as a primary risk driver.",True,0.8261,0.5452,2026-10-04T13:18:50.524671+00:00
11,STU0027,1,W8,0.9843,HIGH,CONFIDENT_RISK,CRITICAL,HIGH,SUBJECT_REMEDIATION,FACULTY_MENTORING,"Student has 5 subject(s) below internal benchmarks, identified as a primary risk driver.",True,0.8926,0.5445,2026-10-04T13:18:56.181486+00:00
12,STU0027,3,W8,0.9284,HIGH,CONFIDENT_RISK,CRITICAL,HIGH,SUBJECT_REMEDIATION,FACULTY_MENTORING,"Student has 2 subject(s) below internal benchmarks, identified as a primary risk driver.",True,0.6643,0.5249,2026-10-04T13:18:57.055089+00:00
13,STU0011,8,W8,0.8991,HIGH,CONFIDENT_RISK,CRITICAL,HIGH,SUBJECT_REMEDIATION,STUDY_PLAN,"Student has 1 subject(s) below internal benchmarks, identified as a primary risk driver.",True,0.5909,0.5147,2026-10-04T13:18:42.980212+00:00
14,STU0019,5,W8,0.8985,HIGH,CONFIDENT_RISK,CRITICAL,HIGH,SUBJECT_REMEDIATION,FACULTY_MENTORING,"Student has 1 subject(s) below internal benchmarks, identified as a primary risk driver.",True,0.7631,0.5145,2026-10-04T13:18:54.994751+00:00
1,STU0016,2,W12,0.9991,HIGH,CONFIDENT_RISK,CRITICAL,HIGH,SUBJECT_REMEDIATION,FACULTY_MENTORING,"Student has 3 subject(s) below internal benchmarks, identified as a primary risk driver.",True,0.5363,0.5597,2026-10-04T13:19:16.448867+00:00
2,STU0017,4,W12,0.9991,HIGH,CONFIDENT_RISK,CRITICAL,HIGH,SUBJECT_REMEDIATION,FACULTY_MENTORING,"Student has 3 subject(s) below internal benchmarks, identified as a primary risk driver.",True,0.6446,0.5597,2026-10-04T13:19:22.424810+00:00
3,STU0017,2,W12,0.9989,HIGH,CONFIDENT_RISK,CRITICAL,MEDIUM,SUBJECT_REMEDIATION,FACULTY_MENTORING,"Student has 5 subject(s) below internal benchmarks, identified as a primary risk driver.",True,0.3293,0.5596,2026-10-04T13:19:20.442626+00:00
4,STU0017,3,W12,0.9988,HIGH,CONFIDENT_RISK,CRITICAL,HIGH,SUBJECT_REMEDIATION,FACULTY_MENTORING,"Student has 2 subject(s) below internal benchmarks, identified as a primary risk driver.",True,0.7204,0.5596,2026-10-04T13:19:21.333965+00:00
5,STU0016,3,W12,0.9987,HIGH,CONFIDENT_RISK,CRITICAL,HIGH,SUBJECT_REMEDIATION,FACULTY_MENTORING,"Student has 2 subject(s) below internal benchmarks, identified as a primary risk driver.",True,0.6216,0.5595,2026-10-04T13:19:17.534581+00:00
6,STU0017,5,W12,0.9987,HIGH,CONFIDENT_RISK,CRITICAL,HIGH,SUBJECT_REMEDIATION,FACULTY_MENTORING,"Student has 4 subject(s) below internal benchmarks, identified as a primary risk driver.",True,0.5674,0.5595,2026-10-04T13:19:23.440781+00:00
7,STU0017,1,W12,0.9976,HIGH,CONFIDENT_RISK,CRITICAL,HIGH,SUBJECT_REMEDIATION,FACULTY_MENTORING,"Student has 3 subject(s) below internal benchmarks, identified as a primary risk driver.",True,0.5106,0.5592,2026-10-04T13:19:19.448280+00:00
8,STU0017,6,W12,0.9976,HIGH,CONFIDENT_RISK,CRITICAL,HIGH,SUBJECT_REMEDIATION,FACULTY_MENTORING,"Student has 1 subject(s) below internal benchmarks, identified as a primary risk driver.",True,0.6742,0.5592,2026-10-04T13:19:24.342324+00:00
9,STU0016,4,W12,0.9975,HIGH,CONFIDENT_RISK,CRITICAL,HIGH,SUBJECT_REMEDIATION,FACULTY_MENTORING,"Student has 4 subject(s) below internal benchmarks, identified as a primary risk driver.",True,0.5047,0.5591,2026-10-04T13:19:18.451106+00:00
10,STU0019,2,W12,0.9943,HIGH,CONFIDENT_RISK,CRITICAL,HIGH,SUBJECT_REMEDIATION,FACULTY_MENTORING,"Student has 3 subject(s) below internal benchmarks, identified as a primary risk driver.",True,0.6989,0.558,2026-10-04T13:19:25.348675+00:00
11,STU0027,1,W12,0.9925,HIGH,CONFIDENT_RISK,CRITICAL,HIGH,SUBJECT_REMEDIATION,FACULTY_MENTORING,"Student has 3 subject(s) below internal benchmarks, identified as a primary risk driver.",True,0.6574,0.5574,2026-10-04T13:19:27.487445+00:00
12,STU0019,5,W12,0.9335,HIGH,CONFIDENT_RISK,CRITICAL,HIGH,SUBJECT_REMEDIATION,FACULTY_MENTORING,"Student has 3 subject(s) below internal benchmarks, identified as a primary risk driver.",True,0.6542,0.5367,2026-10-04T13:19:26.309029+00:00
13,STU0027,3,W12,0.9219,HIGH,CONFIDENT_RISK,CRITICAL,HIGH,SUBJECT_REMEDIATION,STUDY_PLAN,"Student has 1 subject(s) below internal benchmarks, identified as a primary risk driver.",True,0.8926,0.5327,2026-10-04T13:19:28.112391+00:00
14,STU0011,8,W12,0.9069,HIGH,CONFIDENT_RISK,CRITICAL,HIGH,SUBJECT_REMEDIATION,STUDY_PLAN,"Student has 1 subject(s) below internal benchmarks, identified as a primary risk driver.",True,0.4336,0.5274,2026-10-04T13:19:15.302168+00:00
